<?xml version="1.0" encoding="UTF-8"?>
<ExportedMeasurementFields Revision="1" xmlns="http://www.tescan.cz/tima/1_4">
    <FieldDir>fields</FieldDir>
    <Fields>
        <Field name="A05" x="2010" y="-10050"/>
        <Field name="A06" x="0" y="-10050"/>
        <Field name="A07" x="-2010" y="-10050"/>
        <Field name="B03" x="6030" y="-8040"/>
        <Field name="B04" x="4020" y="-8040"/>
        <Field name="B05" x="2010" y="-8040"/>
        <Field name="B06" x="0" y="-8040"/>
        <Field name="B07" x="-2010" y="-8040"/>
        <Field name="B08" x="-4020" y="-8040"/>
        <Field name="B09" x="-6030" y="-8040"/>
        <Field name="C02" x="8040" y="-6030"/>
        <Field name="C03" x="6030" y="-6030"/>
        <Field name="C04" x="4020" y="-6030"/>
        <Field name="C05" x="2010" y="-6030"/>
        <Field name="C06" x="0" y="-6030"/>
        <Field name="C07" x="-2010" y="-6030"/>
        <Field name="C08" x="-4020" y="-6030"/>
        <Field name="C09" x="-6030" y="-6030"/>
        <Field name="C10" x="-8040" y="-6030"/>
        <Field name="D02" x="8040" y="-4020"/>
        <Field name="D03" x="6030" y="-4020"/>
        <Field name="D04" x="4020" y="-4020"/>
        <Field name="D05" x="2010" y="-4020"/>
        <Field name="D06" x="0" y="-4020"/>
        <Field name="D07" x="-2010" y="-4020"/>
        <Field name="D08" x="-4020" y="-4020"/>
        <Field name="D09" x="-6030" y="-4020"/>
        <Field name="D10" x="-8040" y="-4020"/>
        <Field name="E01" x="10050" y="-2010"/>
        <Field name="E02" x="8040" y="-2010"/>
        <Field name="E03" x="6030" y="-2010"/>
        <Field name="E04" x="4020" y="-2010"/>
        <Field name="E05" x="2010" y="-2010"/>
        <Field name="E06" x="0" y="-2010"/>
        <Field name="E07" x="-2010" y="-2010"/>
        <Field name="E08" x="-4020" y="-2010"/>
        <Field name="E09" x="-6030" y="-2010"/>
        <Field name="E10" x="-8040" y="-2010"/>
        <Field name="E11" x="-10050" y="-2010"/>
        <Field name="F01" x="10050" y="0"/>
        <Field name="F02" x="8040" y="0"/>
        <Field name="F03" x="6030" y="0"/>
        <Field name="F04" x="4020" y="0"/>
        <Field name="F05" x="2010" y="0"/>
        <Field name="F06" x="0" y="0"/>
        <Field name="F07" x="-2010" y="0"/>
        <Field name="F08" x="-4020" y="0"/>
        <Field name="F09" x="-6030" y="0"/>
        <Field name="F10" x="-8040" y="0"/>
        <Field name="F11" x="-10050" y="0"/>
        <Field name="G01" x="10050" y="2010"/>
        <Field name="G02" x="8040" y="2010"/>
        <Field name="G03" x="6030" y="2010"/>
        <Field name="G04" x="4020" y="2010"/>
        <Field name="G05" x="2010" y="2010"/>
        <Field name="G06" x="0" y="2010"/>
        <Field name="G07" x="-2010" y="2010"/>
        <Field name="G08" x="-4020" y="2010"/>
        <Field name="G09" x="-6030" y="2010"/>
        <Field name="G10" x="-8040" y="2010"/>
        <Field name="G11" x="-10050" y="2010"/>
        <Field name="H02" x="8040" y="4020"/>
        <Field name="H03" x="6030" y="4020"/>
        <Field name="H04" x="4020" y="4020"/>
        <Field name="H05" x="2010" y="4020"/>
        <Field name="H06" x="0" y="4020"/>
        <Field name="H07" x="-2010" y="4020"/>
        <Field name="H08" x="-4020" y="4020"/>
        <Field name="H09" x="-6030" y="4020"/>
        <Field name="H10" x="-8040" y="4020"/>
        <Field name="I02" x="8040" y="6030"/>
        <Field name="I03" x="6030" y="6030"/>
        <Field name="I04" x="4020" y="6030"/>
        <Field name="I05" x="2010" y="6030"/>
        <Field name="I06" x="0" y="6030"/>
        <Field name="I07" x="-2010" y="6030"/>
        <Field name="I08" x="-4020" y="6030"/>
        <Field name="I09" x="-6030" y="6030"/>
        <Field name="I10" x="-8040" y="6030"/>
        <Field name="J03" x="6030" y="8040"/>
        <Field name="J04" x="4020" y="8040"/>
        <Field name="J05" x="2010" y="8040"/>
        <Field name="J06" x="0" y="8040"/>
        <Field name="J07" x="-2010" y="8040"/>
        <Field name="J08" x="-4020" y="8040"/>
        <Field name="J09" x="-6030" y="8040"/>
        <Field name="K05" x="2010" y="10050"/>
        <Field name="K06" x="0" y="10050"/>
        <Field name="K07" x="-2010" y="10050"/>
    </Fields>
</ExportedMeasurementFields>
