<?xml version="1.0" encoding="UTF-8"?>
<ExportedMeasurementData Revision="1" xmlns="http://www.tescan.cz/tima/1_4">
    <Id>{f21dc551-bf0e-43d2-b5a6-f6990b340b92}</Id>
    <StartDate>2015-02-18T12:50:12</StartDate>
    <Origin>TIMA 1.4.0.8</Origin>
    <ViewField>2000</ViewField>
    <ImageWidth>200</ImageWidth>
    <ImageHeight>200</ImageHeight>
    <SemImages>
        <SemImage>
            <FileName>bse.png</FileName>
            <Caption>BSE</Caption>
        </SemImage>
        <SemImage>
            <FileName>sem-CL Color P.png</FileName>
            <Caption>CL Color P</Caption>
        </SemImage>
    </SemImages>
    <SampleDef>
        <SampleShape>Circle</SampleShape>
        <SampleDiameter>23000</SampleDiameter>
    </SampleDef>
</ExportedMeasurementData>
