<?xml version="1.0" encoding="UTF-8"?>
<ExportedMeasurementPhases Revision="1" xmlns="http://www.tescan.cz/tima/1_4">
    <PrimaryPhases>
        <PrimaryPhase id="0" name="[Unclassified]" color="#000000" background="yes"/>
        <PrimaryPhase id="1" name="Bismuth" color="#a6c7c7" mass="0"/>
        <PrimaryPhase id="2" name="Gold" color="#ffff7f" mass="0.000192251"/>
        <PrimaryPhase id="3" name="Hematite/Magnetite" color="#5555ff" mass="0"/>
        <PrimaryPhase id="4" name="Pyrite" color="#aa00ff" mass="0"/>
        <PrimaryPhase id="5" name="Pyrrhotite" color="#ff14fc" mass="0"/>
        <PrimaryPhase id="6" name="Rammelsbergite" color="#c55743" mass="5.50258e-05"/>
        <PrimaryPhase id="7" name="Aluminium Titanate" color="#458cff" mass="0"/>
        <PrimaryPhase id="8" name="Rutile" color="#ff0000" mass="0"/>
        <PrimaryPhase id="9" name="Fluorite" color="#ff5500" mass="0"/>
        <PrimaryPhase id="10" name="Alunite" color="#96c864" mass="0"/>
        <PrimaryPhase id="11" name="Anhydrite" color="#00ff7f" mass="0"/>
        <PrimaryPhase id="12" name="Apatite" color="#aaaa00" mass="0.000106995"/>
        <PrimaryPhase id="13" name="Actinolite" color="#67469c" mass="0.000896718"/>
        <PrimaryPhase id="14" name="Aegirine" color="#448800" mass="0.478336"/>
        <PrimaryPhase id="15" name="Albite" color="#47d5d5" mass="0"/>
        <PrimaryPhase id="16" name="Allanite-(Ce)" color="#32fafa" mass="0.00447085"/>
        <PrimaryPhase id="17" name="Ankerite+clay(Fe)" color="#ffde90" mass="0"/>
        <PrimaryPhase id="18" name="Ankerite+clay" color="#d0a868" mass="0.105011"/>
        <PrimaryPhase id="19" name="Ankerite" color="#fac896" mass="0"/>
        <PrimaryPhase id="20" name="Andradite" color="#e3154c" mass="0"/>
        <PrimaryPhase id="21" name="Anorthite" color="#ae0cff" mass="0"/>
        <PrimaryPhase id="22" name="Baryte" color="#aaaaff" mass="0"/>
        <PrimaryPhase id="23" name="Atacamite" color="#fa9664" mass="0"/>
        <PrimaryPhase id="24" name="Baddeleyite" color="#4026a7" mass="0"/>
        <PrimaryPhase id="25" name="Bastnasite" color="#ff0000" mass="0"/>
        <PrimaryPhase id="26" name="Bannisterite" color="#ff7054" mass="0"/>
        <PrimaryPhase id="27" name="Berndtite" color="#000051" mass="7.99953"/>
        <PrimaryPhase id="28" name="Oregonite (S-bearing)" color="#ab72ab" mass="0"/>
        <PrimaryPhase id="29" name="Kaolinite" color="#008f45" mass="0"/>
        <PrimaryPhase id="30" name="Nepheline" color="#7f0fff" mass="0"/>
        <PrimaryPhase id="31" name="Olivine" color="#005500" mass="0"/>
        <PrimaryPhase id="32" name="Galena" color="#ff55ff" mass="0.00498544"/>
        <PrimaryPhase id="33" name="Quartz" color="#5500ff" mass="0.0134075"/>
        <PrimaryPhase id="34" name="Rynersonite" color="#9d57ff" mass="0"/>
        <PrimaryPhase id="35" name="Enstatite-(Fe)" color="#ff6f6a" mass="0"/>
        <PrimaryPhase id="36" name="Enstatite" color="#ff9166" mass="4.50057e-05"/>
        <PrimaryPhase id="37" name="Dolomite" color="#aa55ff" mass="0"/>
        <PrimaryPhase id="38" name="Dawsonite" color="#ff019a" mass="0"/>
        <PrimaryPhase id="39" name="Silver" color="#550000" mass="0.00163855"/>
        <PrimaryPhase id="40" name="Uraninite" color="#85c662" mass="9.20494e-05"/>
        <PrimaryPhase id="41" name="Stibnite" color="#aaaa7f" mass="0.126473"/>
        <PrimaryPhase id="42" name="Sperrylite" color="#80ff00" mass="0"/>
        <PrimaryPhase id="43" name="Sobolevskite" color="#ffc470" mass="0"/>
        <PrimaryPhase id="44" name="Wollastonite" color="#00b300" mass="0"/>
        <PrimaryPhase id="45" name="Strontianite" color="#3bc116" mass="0"/>
        <PrimaryPhase id="46" name="Sphalerite" color="#5500ff" mass="0.0360297"/>
        <PrimaryPhase id="47" name="Cuprite" color="#00d91d" mass="0"/>
        <PrimaryPhase id="48" name="Chrysocolla" color="#fa6464" mass="0"/>
        <PrimaryPhase id="49" name="Cassiterite" color="#55aaff" mass="0"/>
        <PrimaryPhase id="50" name="Ilmenite" color="#80aa0a" mass="0"/>
        <PrimaryPhase id="51" name="Diaspore-(Fe)" color="#ec5aff" mass="0"/>
        <PrimaryPhase id="52" name="Diaspore" color="#cd94ff" mass="0.000169154"/>
        <PrimaryPhase id="53" name="Covellite" color="#fafa64" mass="0"/>
        <PrimaryPhase id="54" name="Jacobsite" color="#b6ff57" mass="0"/>
        <PrimaryPhase id="55" name="Zircon" color="#aaffff" mass="0.00165842"/>
        <PrimaryPhase id="56" name="Xenotime-(Y)" color="#00608d" mass="4.82325e-05"/>
        <PrimaryPhase id="57" name="Wurtzite" color="#85cfff" mass="0.00124318"/>
        <PrimaryPhase id="58" name="Skutterudite" color="#55007f" mass="0.0612451"/>
        <PrimaryPhase id="59" name="Perovskite" color="#997710" mass="0"/>
        <PrimaryPhase id="60" name="Pentlandite" color="#aa0000" mass="0"/>
        <PrimaryPhase id="61" name="Corundum" color="#aaaa7f" mass="0"/>
        <PrimaryPhase id="62" name="Cinnabar" color="#00aaff" mass="0"/>
        <PrimaryPhase id="63" name="Chromferide" color="#b2ff5a" mass="0"/>
        <PrimaryPhase id="64" name="Chalcopyrite" color="#fa6400" mass="0.000263241"/>
        <PrimaryPhase id="65" name="Chalcocite" color="#fafa00" mass="0"/>
        <PrimaryPhase id="66" name="Celestite" color="#329664" mass="0"/>
        <PrimaryPhase id="67" name="Bornite" color="#fac800" mass="0"/>
        <PrimaryPhase id="68" name="Parisite" color="#47ffd1" mass="0.000837616"/>
        <PrimaryPhase id="69" name="Orthoclase" color="#ff2067" mass="0"/>
        <PrimaryPhase id="70" name="Magnesiogedrite" color="#44cf98" mass="0"/>
        <PrimaryPhase id="71" name="Kyanite" color="#11aa4e" mass="0.000403353"/>
        <PrimaryPhase id="72" name="Ferro-Actinolite" color="#c8c8c8" mass="0"/>
        <PrimaryPhase id="73" name="Diopside" color="#73adad" mass="0"/>
        <PrimaryPhase id="74" name="Columbite" color="#555500" mass="0"/>
        <PrimaryPhase id="75" name="Calcioburbankite-Sr" color="#c3de14" mass="0"/>
        <PrimaryPhase id="76" name="Calcioburbankite-Na" color="#5718de" mass="0"/>
        <PrimaryPhase id="77" name="Calcioburbankite-Ca" color="#de1498" mass="5.04404e-05"/>
        <PrimaryPhase id="78" name="Calcioburbankite" color="#de6311" mass="0"/>
        <PrimaryPhase id="79" name="Zunyite" color="#4d7e6c" mass="0"/>
        <PrimaryPhase id="80" name="Titanite" color="#ff7b2e" mass="0"/>
        <PrimaryPhase id="81" name="Plagioclase" color="#aa007f" mass="0"/>
        <PrimaryPhase id="82" name="Muscovite" color="#fb77ff" mass="5.45533"/>
        <PrimaryPhase id="83" name="Monazite" color="#00557f" mass="0.000534974"/>
        <PrimaryPhase id="84" name="Molybdenite" color="#0055ff" mass="0.00113618"/>
        <PrimaryPhase id="85" name="Ferrosaponite" color="#7e7ebd" mass="0"/>
        <PrimaryPhase id="86" name="Ferrogedrite" color="#936249" mass="0.000641289"/>
        <PrimaryPhase id="87" name="Faustite" color="#0b81ff" mass="0"/>
        <PrimaryPhase id="88" name="Dravite" color="#32c8c8" mass="0"/>
        <PrimaryPhase id="89" name="Columbite-(Mn)" color="#ffaa00" mass="6.79331e-05"/>
        <PrimaryPhase id="90" name="Chromite" color="#8c0000" mass="0"/>
        <PrimaryPhase id="91" name="Chlorite - Clinochlore" color="#55aa7f" mass="0.0012228"/>
        <PrimaryPhase id="92" name="Chalcopyrite+As" color="#cb5100" mass="0"/>
        <PrimaryPhase id="93" name="Cancrinite" color="#376f9a" mass="0.00453046"/>
        <PrimaryPhase id="94" name="Calcite" color="#ffaaff" mass="0"/>
        <PrimaryPhase id="95" name="Bismutocolumbite" color="#ff7519" mass="0"/>
        <PrimaryPhase id="96" name="Biotite" color="#ffaa00" mass="0"/>
        <PrimaryPhase id="97" name="Synchysite" color="#4780ca" mass="4.41536"/>
        <PrimaryPhase id="98" name="Titanowodginite" color="#00ff00" mass="81.2837"/>
        <PrimaryPhase id="99" name="Tantalite-(Fe)" color="#b65b00" mass="0"/>
        <PrimaryPhase id="100" name="Schorl" color="#9a9a00" mass="0"/>
        <PrimaryPhase id="101" name="Kaersutite" color="#55557f" mass="0"/>
        <PrimaryPhase id="102" name="Hornblende" color="#254a6f" mass="0"/>
        <PrimaryPhase id="103" name="Garnet - Pyrope" color="#ff00ff" mass="0"/>
        <PrimaryPhase id="104" name="Fersmite-(Nb)" color="#aa0000" mass="0"/>
        <PrimaryPhase id="105" name="Fersmite" color="#ef3d07" mass="0.000295509"/>
        <PrimaryPhase id="106" name="Fergusonite" color="#c26091" mass="0"/>
    </PrimaryPhases>
</ExportedMeasurementPhases>
